Entity,Code,1966,1967,1968,1969,1970,1971,1972,1973,1974,1975,1976,1977,1978,1979,1980,1981,1982,1983,1984,1985,1986,1987,1988,1989,1990,1991,1992,1993,1994,1995,1996,1997,1998,1999,2000,2001,2002,2003,2004,2005,2006,2007,2008,2009,2010,2011,2012,2013,2014,2015,2016,2017,2018,2019,2020,2021,
Africa,,28.976013,5.683838,34.439148,12.656067,53.99176,64.93353,44.571045,78.62787,39.78241,63.15918,93.51245,60.46289,52.26758,119.66199,120.6814,200.4419,124.98486,75.93701,55.479126,68.54785,34.119873,86.552246,141.10083,-3.8552246,87.70825,-14.623535,46.52295,13.808594,83.72583,102.33594,62.894775,52.37671,34.116455,84.706055,56.348877,102.28735,40.966797,169.17651,235.3706,13.032715,69.48291,135.18774,234.29419,62.10083,108.947754,30.21045,170.09033,109.260254,108.11182,114.083984,124.16553,99.19238,97.75098,78.430176,-338.15674,291.17188,
Algeria,DZA,5.132944,-1.747757,1.6451645,3.7915154,2.5721283,3.713192,4.427101,7.842884,6.412285,11.96048,11.552055,8.465332,23.205048,35.057495,28.703278,37.720917,32.591797,23.57605,-11.41214,1.5267334,16.36493,6.941284,21.18811,-8.480682,18.17453,-3.3458557,8.4097595,-22.687286,4.4790955,11.14389,-3.0486145,-11.887512,10.075226,3.120697,-11.047974,10.82428,11.17392,14.369415,12.90094,15.626953,13.919434,20.39981,23.760956,25.142548,-9.414764,24.906067,43.136475,30.097046,48.296143,31.995117,-0.8240967,6.157593,47.17633,23.406494,-40.37262,30.33081,https://public.flourish.studio/country-flags/svg/dz.svg
Argentina,ARG,10.599274,9.768097,11.137665,12.524292,-20.236542,21.278992,4.7805176,12.69455,6.90448,-14.042236,20.046783,19.177856,-8.771362,24.483307,-14.990143,-13.939148,2.5070496,12.765472,-6.4086,-11.359467,26.253723,18.261658,30.413116,-10.963074,-28.23642,12.423096,30.148438,3.1184082,19.142395,25.043762,39.325623,-9.782227,29.253662,23.327026,-16.16858,-41.57556,-22.024902,47.529175,52.99109,38.312256,27.170898,57.447266,11.227051,-35.420776,31.46997,30.518127,38.54535,27.432068,-1.6426392,12.291382,-0.06549072,-3.1602173,-12.481506,-55.505554,-51.730835,71.49573,https://public.flourish.studio/country-flags/svg/ar.svg
Australia,AUS,21.399109,26.201355,27.606934,18.56839,43.3414,24.746887,27.097473,40.909668,37.558716,8.80957,27.374268,38.859314,21.983398,31.298523,5.3657837,12.304199,-4.991089,-26.79663,28.485107,22.69336,17.07013,27.463135,39.30481,48.61969,19.641174,-10.2855835,16.169128,20.559387,41.98535,49.940308,32.44043,29.020874,29.185547,49.33081,7.8568115,11.275391,24.52539,17.229004,41.528687,1.7612305,59.05725,37.699585,29.08606,-24.990479,-6.6011963,23.294556,-21.56189,5.5201416,18.507935,29.421753,-8.453613,1.7553711,-5.574951,43.13452,-108.16016,-38.25879,https://public.flourish.studio/country-flags/svg/au.svg
Austria,AUT,5.1364594,0.9532013,12.438034,12.022827,18.70427,12.151474,7.3592224,14.002228,-8.906311,-5.100998,19.380005,-12.174286,12.5329895,8.695084,-4.339081,-14.49115,-10.343384,0.031066895,8.082062,3.7177887,-0.85046387,5.543503,-5.088684,2.3131866,14.565079,16.26596,-15.949951,0.5434418,1.3073273,10.91568,9.749695,1.7178345,2.388855,-1.065155,-1.715332,18.015167,2.4361877,24.228973,-4.716858,3.944397,-5.9017944,-16.213074,3.9856873,-21.052643,20.147064,-14.794342,-7.180603,0.9178772,-16.087357,6.914871,5.798126,10.659515,-6.688629,8.87793,-28.568726,10.335327,https://public.flourish.studio/country-flags/svg/at.svg
Belgium,BEL,-15.179108,19.726593,47.838013,45.509888,28.669617,-9.763794,33.231262,7.0650024,-19.926147,-51.344788,22.634338,-5.323303,22.44458,19.538818,-28.539246,-28.9646,-30.452393,-39.79727,12.136749,3.5284424,3.3791199,9.309357,8.383545,9.842712,22.336548,21.184937,-3.2907715,-5.65744,36.14743,5.9157715,36.461426,-4.244629,17.12622,-13.639343,15.057129,-0.59484863,-5.581726,28.8255,3.0253906,-10.3689575,2.9215698,0.09765625,17.365845,-58.540283,40.946045,-55.873108,-13.9331665,10.378052,-27.960571,24.582642,6.8584595,7.528015,26.373291,-19.967407,-61.66504,41.658386,https://public.flourish.studio/country-flags/svg/be.svg
Brazil,BRA,17.840347,7.005142,39.88246,25.992096,38.231934,31.030731,51.362885,87.08975,40.15689,22.453125,45.439575,24.630798,59.7901,37.437805,-15.302734,-31.57306,16.010193,-17.540955,28.747498,31.89331,67.95941,28.117798,14.821594,5.131958,-25.3844,25.328735,54.939636,40.204956,59.93097,47.72809,65.07703,75.07898,42.172607,29.809937,13.690308,40.58716,-1.78479,-8.803467,69.70813,23.998901,28.9021,57.87268,88.98193,-90.09949,215.80957,87.72827,95.8667,145.7041,84.109375,-114.84473,-146.94885,30.097046,-87.64844,-5.8361816,-148.02441,191.26562,https://public.flourish.studio/country-flags/svg/bz.svg
Bulgaria,BGR,8.610214,20.739723,19.717133,17.551056,22.36525,8.585281,6.543045,7.350769,5.7726746,19.56546,7.300247,10.882874,12.255127,9.676788,16.592072,-13.058716,5.1543274,-3.054657,-2.8871155,-0.6687622,9.503174,0.99783325,-2.298645,0.7926941,-24.728088,-59.622787,-10.290268,9.428986,-12.217392,11.269455,-5.2023926,-12.665695,-8.981308,-27.002563,-4.015991,6.5220795,-8.113037,14.339111,-5.98407,10.07692,2.9191895,9.554871,-6.66716,-29.375809,3.0040588,15.814072,-14.163254,-15.822693,8.056351,10.80249,-8.294388,8.138824,-9.64064,-3.842575,-16.04596,18.909714,https://public.flourish.studio/country-flags/svg/bg.svg
Canada,CAN,51.449463,58.90808,90.39783,58.168457,99.59949,36.63098,82.0636,116.96423,25.088867,-4.190796,61.826538,90.01709,-9.988892,37.543335,23.01892,-67.56824,-52.69629,-67.42029,95.19263,17.821411,-24.112305,57.78076,128.70898,87.67847,-116.35474,-55.83618,68.08008,18.711304,62.384888,86.043945,44.480225,61.49707,29.833252,61.9458,63.421143,-6.569092,78.98047,66.4043,13.579834,-39.04004,-5.11792,114.76074,-73.55835,-113.87842,79.56885,63.68872,-6.63208,48.05371,31.07666,9.432129,-72.52637,46.520508,61.94629,-5.2128906,-226.92236,62.088135,https://public.flourish.studio/country-flags/svg/ca.svg
Chile,CHL,4.6226845,1.2690735,1.7241592,4.793274,3.923355,5.6827087,0.61483765,-3.4435349,-3.166771,-9.5433655,3.758049,2.2939224,4.6759415,2.748825,2.1252213,1.9647369,-11.3958435,0.5672226,3.7277222,-1.530838,2.49469,2.815796,14.377258,19.268074,10.466507,6.6578674,6.30484,9.600784,10.823822,12.234055,18.614075,29.077759,11.163361,17.696121,1.5337677,-5.6126404,6.818039,0.42848206,20.108856,1.7097168,17.894196,20.778198,-10.44693,-9.29126,10.289825,33.448578,5.7362366,2.4280396,-14.1076355,2.667633,24.050934,-8.679382,6.0506287,11.441864,-35.127655,9.152344,https://public.flourish.studio/country-flags/svg/cl.svg
China,CHN,131.96375,-159.06567,5.3166504,327.34033,514.2125,423.52783,207.25195,156.5957,85.532715,387.95605,192.66016,344.58838,415.479,124.0332,27.12793,-85.24609,186.70117,285.33496,386.27002,448.74805,287.34473,489.9414,489.83496,341.9995,76.96973,405.41748,417.85986,616.55176,506.17578,231.99902,564.5039,45.66211,12.02832,389.4375,332.3506,510.20215,1061.7295,2202.377,2473.3252,2380.4512,1899.6445,1835.2715,495.08008,1144.2188,1554.7852,2240.6602,698.5586,942.10156,413.6543,96.677734,157.83984,781.74023,915.13086,804.28125,539.89453,1989.7031,https://public.flourish.studio/country-flags/svg/cn.svg
Colombia,COL,6.8185043,4.955101,4.0837555,0.3417511,8.273659,-3.081993,12.581238,-1.9357147,13.000229,-0.090164185,4.8899994,2.9715576,6.66716,7.389267,-0.20701599,4.960785,5.937973,9.78833,0.5819702,4.857666,-0.7518921,14.788986,-3.3716278,6.8056946,-19.08435,8.907166,26.705643,11.439056,9.911819,5.0167847,-0.95970154,20.919327,3.1261597,-33.532715,-0.15628052,-6.6398315,-6.947418,5.1163635,0.31384277,-1.1269226,28.216263,-3.0266113,24.067642,4.7425537,18.808655,-8.914368,31.444824,12.417053,20.880219,5.4739685,18.90924,-22.200775,11.041046,22.233765,-42.43701,24.539307,https://public.flourish.studio/country-flags/svg/co.svg
Czechia,CZE,3.885376,-6.7302246,21.219666,21.437958,19.822632,28.314941,2.9786377,3.8603516,3.824585,23.142944,17.517212,18.379211,9.159241,5.3377075,-20.587097,-3.611023,-6.064514,0.4498291,18.432068,-3.1810913,-4.2089844,0.043640137,0.77697754,-20.473328,-88.30463,-47.60666,-15.939911,-5.559021,-14.225952,19.84497,15.33606,-19.5578,-15.424591,-21.02356,24.928406,7.0914307,-10.810303,11.603943,10.288727,-4.1015625,5.353424,-5.4059143,-12.6828,-25.821106,15.214722,-16.64215,-9.639618,-13.491608,-9.019562,-0.17819214,1.1472778,9.947418,-4.357788,-8.685577,-35.70865,21.902039,https://public.flourish.studio/country-flags/svg/cz.svg
Denmark,DNK,22.848175,1.0670319,8.555222,29.37677,14.936905,-13.354248,12.707108,-7.872711,-21.15567,-3.0655518,21.209625,4.7253876,3.4174957,-0.49475098,-6.2061157,-23.717682,-9.261261,-10.021011,3.1708221,24.46109,4.563751,-8.179581,-2.7538147,-17.013504,5.3253937,30.05368,-15.771988,12.155472,16.926636,-4.783066,45.56299,-29.440643,-12.276978,-9.040176,-13.052383,-0.08024597,-3.2311249,14.655029,-17.772278,-9.105179,25.335129,-16.161453,-8.419754,-13.6866455,4.6599274,-18.47322,-18.71579,6.2167053,-12.076019,-9.253113,3.2218018,-8.403198,0.2521515,-9.980881,-22.385666,3.8507614,https://public.flourish.studio/country-flags/svg/dk.svg
Ecuador,ECU,0.34911203,0.661396,1.7409964,0.62090874,2.2823935,1.3548346,0.7130823,1.2223063,2.8436184,-0.1079731,2.2344456,4.607666,0.6015568,1.4565525,7.738098,4.5119286,3.914322,-3.4160767,0.7609863,9.261524,0.77007675,0.30957413,9.448849,1.9977989,2.4378967,8.192741,-0.15668488,0.7783432,5.8583755,-1.3507614,9.597557,11.743668,0.7058487,-12.59639,-7.3867188,3.0883865,-2.563568,3.6360092,6.9043274,8.000923,6.2461166,1.0617294,2.8811417,2.4635086,17.090683,2.5800934,6.382065,8.890152,7.648361,-4.912033,-8.02832,-3.7913818,10.09845,-5.391144,-27.630615,26.514282,https://public.flourish.studio/country-flags/svg/ec.svg
Egypt,EGY,4.5133057,-14.29612,3.4748306,-18.669666,15.991695,1.5002365,9.959854,-5.691139,10.615738,10.25148,20.755157,9.589455,6.4425964,16.68187,25.005524,28.217804,27.079971,23.813248,26.848755,13.161987,7.987549,20.321045,5.6621094,17.645172,8.477753,5.218628,-3.463623,-0.578125,18.435547,23.221008,22.592804,18.374847,18.8208,32.59546,29.260742,24.070923,18.331482,38.861572,35.987976,18.125488,36.794678,43.958435,44.299255,33.505554,34.86841,42.271423,37.002808,-6.7456665,-11.788086,13.74115,53.555115,41.44098,-1.059021,-30.068481,-74.4021,69.11603,https://public.flourish.studio/country-flags/svg/eg.svg
European Union (27),,261.7744,359.49707,700.8174,894.7578,801.82715,389.18848,634.63184,763.9883,-219.4834,-171.66309,954.13086,-60.251953,586.208,490.49316,-328.20898,-684.47363,-425.14844,-104.73633,158.57422,504.34668,130.52539,199.30176,-45.50586,118.74219,-156.2334,-178.22754,-376.7002,-224.44238,-91.543945,347.67676,417.33008,-136.80469,147.59863,-131.66016,28.975586,220.36523,-7.65625,346.61914,91.73535,47.64746,79.68262,-198.59668,-238.06836,-1024.8691,371.2793,-460.97852,-354.51367,-293.74707,-695.7158,248.34473,222.76465,187.90723,-115.41016,-363.1084,-1304.5078,675.52734,
Finland,FIN,12.923904,3.1952896,15.150833,20.04493,14.485184,1.4528961,11.019363,19.47647,-15.117569,4.772537,20.853088,-2.5786438,14.325562,6.9561615,-0.042556763,-29.131927,-7.611023,-6.642929,8.727463,15.560577,3.0674438,9.514557,-0.4499817,3.592926,8.863068,0.25946045,-5.8681183,2.5391846,21.333359,-19.563263,19.457565,-6.6603546,-3.7848969,-0.54151917,-3.1613464,13.121902,8.689896,27.617584,-20.309479,-30.005829,30.007294,-7.071472,-22.524551,-10.98761,24.692596,-22.56746,-20.32193,7.7457733,-15.6214905,-10.754669,9.42308,-9.584,4.3297424,-9.330078,-20.394135,0.28163147,https://public.flourish.studio/country-flags/svg/fi.svg
France,FRA,13.249756,103.43823,60.57727,144.37207,124.91016,84.37793,114.04822,174.64648,-64.15039,-144.76636,171.18079,-59.83911,85.08765,45.5,-98.022095,-155.34827,-89.84241,-42.293457,-46.45056,-6.869995,-27.149048,-10.637451,-12.712158,39.931885,29.532104,106.685425,-30.236206,-71.64343,-54.33374,33.44397,69.71118,-30.200806,94.24719,3.9005127,-3.1224365,5.73291,-27.906128,32.635498,11.996826,0.42260742,-31.35791,-35.995117,-13.519287,-74.03955,22.297974,-106.78772,-2.874878,0.7418213,-136.06873,27.8396,29.34143,15.017456,-33.080566,-19.62854,-179.74866,98.3125,https://public.flourish.studio/country-flags/svg/fr.svg
Germany,DEU,3.3796387,-7.6865234,198.71655,249.78735,172.58716,45.13037,117.96582,203.70605,-83.19971,-179.36646,246.03857,-53.921387,135.0249,207.02441,-157.37451,-162.19849,-169.43677,49.559814,74.343994,29.128662,-15.833252,-0.1418457,-28.096436,-54.32129,-37.97119,-83.464355,-122.6228,-5.0197754,-36.40869,6.0908203,115.747314,-81.41089,-14.899414,-88.99951,-1.1035156,68.60498,-52.32495,-2.9997559,-38.246094,-58.555176,52.361816,-146.50977,11.776367,-207.45166,116.09668,-101.85962,19.894775,94.840576,-184.24146,17.971191,80.9668,3.2563477,-113.47754,-140.09521,-266.6814,110.11499,https://public.flourish.studio/country-flags/svg/de.svg
Greece,GRC,4.756836,8.9546585,4.604027,3.5520935,9.922806,22.222717,16.809845,24.759613,-4.362274,24.333374,21.18634,7.9891205,0.8403473,-29.855255,-1.4526672,-4.5960083,2.2101135,4.7260895,7.2953186,11.941437,-0.8019409,22.042664,14.744476,22.847122,10.627136,0.23706055,7.764618,3.5635376,4.2047424,8.409515,5.5761414,10.627014,21.116547,-2.930664,20.154205,6.59317,-1.4960632,15.302399,-0.057006836,0.08111572,7.6683044,16.434448,-15.257141,-21.219116,-25.328125,-1.1030884,-27.158722,-31.928802,-13.436005,-3.5401917,-5.766449,-36.192688,49.559265,-7.7577515,-38.015198,5.3678894,https://public.flourish.studio/country-flags/svg/gr.svg
Hong Kong,HKG,2.2238102,5.1669807,2.7352867,6.371849,3.181736,2.5779839,6.594429,2.047989,1.3554459,-3.4304276,9.963879,5.192833,2.7330475,1.7461014,1.6328735,5.013359,7.9411163,5.392685,2.319786,3.7054672,4.82267,10.428589,17.629578,9.210373,-3.501709,5.031662,25.53952,15.5733795,-17.409409,12.587723,-0.08961487,2.1020966,3.5406647,2.3879852,8.853577,51.9449,-5.9877014,7.9729004,30.12149,-11.436462,15.660065,18.261505,-21.16101,26.004272,12.1475525,7.8746643,-12.583282,8.481049,-7.769623,9.212311,8.553436,24.312958,4.1426697,-19.013702,-86.68921,-14.922607,https://public.flourish.studio/country-flags/svg/hk.svg
Hungary,HUN,2.4135132,-8.517197,6.6927643,13.138809,15.397934,6.93367,7.1396027,18.942673,7.6265106,14.715027,18.42987,14.872253,21.090546,-3.1896362,1.067627,-3.4233398,1.4393005,-12.518982,4.791382,2.7398071,-4.2324524,4.6777344,-14.974884,-9.984131,-6.4096375,-21.431976,-12.899536,-7.8229675,1.6092834,3.2400818,4.877899,-6.5084534,4.514145,-1.2856598,-8.664459,7.171875,-2.302185,8.606598,0.32855225,11.793579,-2.246399,-8.485901,-7.371765,-26.44931,4.076721,-6.737152,-17.798615,-11.969818,-1.951294,12.4687805,3.9942322,13.615509,2.000061,-0.12837219,-6.681656,8.3459015,https://public.flourish.studio/country-flags/svg/hu.svg
India,IND,16.453308,12.975952,35.34558,65.96527,-23.486267,22.88208,44.51129,8.322937,54.957886,47.92682,40.578003,49.974976,9.260559,67.680786,31.588013,119.86719,14.915649,71.763794,76.45972,87.5426,107.63867,117.07373,140.58948,161.05518,141.39233,107.07593,133.70361,61.549072,115.78369,209.6206,134.81763,161.1836,152.85059,97.89136,185.5437,20.222656,123.715576,138.43042,236.03882,273.07593,190.3335,373.42822,324.08203,444.18945,225.67383,271.29492,420.23096,185.83545,464.1787,217.50684,339.78174,257.83984,476.56494,103.49512,-572.5215,855.209,https://public.flourish.studio/country-flags/svg/in.svg
Indonesia,IDN,-2.2403793,-1.8613281,3.672371,10.916481,4.974304,3.2444458,6.59626,12.85273,8.234016,29.07167,10.2512665,52.04013,29.259735,34.190002,21.539856,22.05545,6.0842285,17.660583,35.084442,22.058868,23.048828,24.090698,24.574951,49.780945,51.48163,50.26422,57.211914,49.195435,37.036743,67.99292,60.921753,87.20386,-32.010254,89.51233,75.02307,74.93323,37.833008,111.031494,-15.77063,36.98047,33.001465,98.66968,10.45166,46.781616,137.9524,128.88159,63.747314,-83.172,19.991821,50.099487,-14.611572,87.545166,163.57153,130.19092,-210.42871,40.718506,https://public.flourish.studio/country-flags/svg/id.svg
Iran,IRN,8.367455,10.196304,11.15477,12.021339,24.763214,15.290512,21.86708,41.83464,32.107986,45.697693,39.61789,48.091614,-15.906616,34.740906,-32.501434,-0.034484863,51.52298,86.55829,45.26532,53.635742,-44.071472,41.221375,11.548035,65.87286,88.38855,74.191345,82.55884,-76.60547,118.751526,44.97943,91.487305,43.746094,44.798218,102.89221,69.02258,94.65344,122.96057,25.414429,169.12976,101.288574,168.52173,135.56348,98.40137,65.19751,27.815186,107.74072,19.00293,82.99365,121.818115,-10.938232,115.48462,114.4563,116.99121,91.90674,104.53174,75.40332,https://public.flourish.studio/country-flags/svg/ir.svg
Ireland,IRL,8.418434,6.5006638,13.7659,0.8675537,-20.999222,3.927063,3.7398376,4.380226,1.0839767,-4.964203,1.5255737,5.139076,3.7859116,9.296326,-3.396309,-2.502205,-0.53144073,-1.3414764,-0.74518585,4.233734,7.724182,1.9042511,-1.0704956,3.7893677,5.5615845,4.0583344,0.6227951,2.775505,4.4778824,3.134575,7.4993896,5.97435,10.009628,9.20639,6.474472,10.820633,-2.2053375,-4.0106506,1.6559753,6.589737,2.2876434,4.512436,-3.3441467,-18.573212,0.6483307,-12.450333,-2.4804382,-4.6720886,-2.7465973,6.425995,8.237961,-3.2630615,0.70381165,-4.385483,-16.010239,4.9315186,https://public.flourish.studio/country-flags/svg/ie.svg
Israel,ISR,1.6365967,9.093227,0.9302101,6.85841,4.0174522,8.565643,-3.8002777,4.5065536,0.30864716,2.0165482,1.8950348,3.8564453,7.433258,2.9232101,1.322319,1.5738068,7.5910187,0.06791687,4.130989,-7.688957,5.0872345,7.470009,7.9555435,5.505783,4.859192,2.1329956,21.850601,13.178665,7.2113037,21.633774,7.0906982,18.91333,11.580078,8.454361,-13.89473,-0.12573242,4.418106,7.019455,4.761627,1.1403961,-0.5947418,11.259216,7.4012146,-7.6436768,9.9823,4.585785,11.967712,-15.3333435,-7.5822144,13.420044,4.149475,5.598938,4.163971,6.8791504,-19.161407,2.891693,https://public.flourish.studio/country-flags/svg/il.svg
Italy,ITA,73.49463,89.364075,88.224365,96.464966,128.8457,77.460815,65.73071,80.166626,-3.3237305,-43.80542,93.56091,-28.47351,54.64612,57.357666,-42.471558,-29.483032,-40.648438,-31.406494,19.043335,-2.4345703,38.83911,78.51306,39.423462,70.81433,37.342285,26.777588,-8.44165,-38.645874,-13.175659,95.601074,-14.684692,33.50537,44.478638,42.440063,29.161743,-11.12207,4.188965,71.37341,25.34314,19.844727,-16.019531,-32.554688,-71.293945,-175.83704,40.927124,-54.606445,-80.798584,-137.22485,-116.84546,82.55127,10.986816,33.40625,-16.350586,-30.54358,-173.49646,120.184326,https://public.flourish.studio/country-flags/svg/it.svg
Japan,JPN,179.01648,322.9779,249,351.69385,333.49146,176.573,158.83032,453.07202,-56.19287,-199.35742,116.04736,65.98364,98.54541,103.153564,-185.50708,-72.69629,-212.21973,9.406738,324.96948,-72.20532,-7.6845703,38.980225,282.5774,125.895996,191.10547,54.308105,73.85889,-41.97754,252.36963,163.9126,89.916016,15.856445,-144.63525,138.58545,59.405273,-47.49463,32.90869,179.89404,-78.049805,34.95996,-71.76465,44.213867,-29.370605,-573.67334,263.542,50.259277,348.04395,-55.750977,-136.70508,-143.10938,-92.231445,-5.695801,-112.211426,-165.58984,-363.84766,91.70166,https://public.flourish.studio/country-flags/svg/jp.svg
Kuwait,KWT,3.6598816,1.4769897,4.4182205,2.1601639,-17.52929,-0.25074005,7.8014984,-0.29413605,-3.2630768,-8.394234,13.291626,1.840805,8.273788,20.31417,-28.003159,23.984695,-1.7862778,11.110992,7.7487106,-5.227104,17.493317,-10.532196,16.477448,11.05661,-63.557594,-45.37197,35.554565,18.497635,16.761597,33.615265,-1.5296631,6.0311584,35.93245,7.2814026,13.67804,2.3621826,12.524231,44.26114,31.748016,31.254364,-12.962463,-9.170319,25.509918,11.913025,43.581177,10.601501,16.74826,9.246368,7.0520325,17.080658,-5.186371,8.54599,8.69696,13.593201,-31.137085,34.657684,https://public.flourish.studio/country-flags/svg/kw.svg
Luxembourg,LUX,-1.7212563,-0.63534164,3.2118454,3.2855034,1.737011,-1.7258606,1.4043503,2.8609924,0.7065506,-8.587658,0.13756561,-2.9742088,1.6004562,1.1233482,-3.3135262,-5.6657677,-2.0717373,-2.0289211,2.237461,0.89546585,-0.76953125,-1.7900314,0.76127434,4.622629,2.0551949,2.731388,0.16253662,0.52549744,-1.615921,-5.095688,1.0603905,-0.82227707,-1.2895966,1.9342308,2.1994553,2.6731033,3.765728,2.151413,5.9193573,0.7352257,-1.0306091,-2.0652237,-0.40878677,-2.0935402,2.5216942,-1.2887077,-1.0530472,-2.50206,-1.6747398,-1.4745331,-0.717762,1.2328377,1.730484,0.42909622,-7.4527016,1.3300819,https://public.flourish.studio/country-flags/svg/lu.svg
Malaysia,MYS,4.8756065,2.7319984,1.1670456,3.5109062,-2.9274826,5.640484,5.310566,3.0908966,1.1029282,1.8487473,7.2443123,12.029434,25.620079,15.210823,4.638893,3.8285751,9.442955,20.072067,7.4762726,-2.5251617,15.733582,3.3710327,7.8170166,25.674118,15.742294,59.63086,39.171204,0.2836609,16.402649,34.99762,49.379456,74.167786,-20.850006,24.83548,81.69403,17.458496,35.79077,56.012024,55.662903,62.28369,8.724609,56.73877,26.347717,-28.288696,31.348877,10.593567,85.1012,41.583862,6.555664,14.491455,42.22876,-2.2437744,19.593262,28.52063,-105.46912,10.115967,https://public.flourish.studio/country-flags/svg/my.svg
Mexico,MEX,13.5469055,3.3079834,23.410095,31.403534,20.876312,22.077667,41.91452,33.949585,49.357727,42.257996,31.996521,29.055481,92.58777,73.04053,77.824646,72.826294,46.299866,-5.350891,39.49176,38.688843,-17.61316,39.26953,0.4124756,52.786987,56.88086,48.802734,10.578613,4.0756836,97.95447,-55.076904,35.977173,32.304565,73.0116,-5.0460205,75.733154,-7.343872,59.631714,23.7948,79.112305,100.4104,54.38611,17.810425,12.77002,16.024902,41.821655,88.94397,24.208252,9.28894,-39.112183,7.09375,26.92334,23.675049,-28.031738,-78.0166,-340.37,68.850464,https://public.flourish.studio/country-flags/svg/mx.svg
Morocco,MAR,6.094363,1.6153393,1.4399757,1.6400414,1.4311275,1.418539,2.3853111,5.060814,2.2456856,1.6286736,3.582367,4.466034,2.9959183,5.7747116,0.37081146,-0.37337112,3.1357841,1.8907471,1.1728363,1.7440033,1.7681274,1.491745,3.5935516,6.7067337,1.7224045,1.030304,10.750252,2.5271606,8.514603,-1.3254318,0.68161774,3.8676453,3.762741,7.095375,-0.90148926,8.616585,3.2698288,-1.3862,17.715126,14.367844,3.307663,-1.4977875,16.834473,-9.228027,15.9478,13.695648,4.475281,1.1449432,4.3201294,1.7757874,1.8524323,10.6154785,3.261383,19.347351,-21.807343,23.357208,https://public.flourish.studio/country-flags/svg/ma.svg
Netherlands,NLD,29.417328,25.422607,55.51358,59.579346,74.860596,35.86902,112.590576,49.324585,-49.878906,4.1601562,72.83386,-15.633423,15.7751465,31.647217,-58.432983,-43.752014,-60.74469,4.633484,29.6391,23.583374,39.532104,19.194092,2.1295166,2.7797241,24.238586,17.413208,9.486572,7.0773926,-10.663818,37.558228,40.457275,-13.905884,2.1572876,-12.80658,11.361084,37.64734,-1.3344116,6.9519653,32.16858,16.334839,-23.266968,14.475342,-18.088135,-20.38208,64.40723,-52.972412,-35.474304,-27.523254,-58.900757,8.248413,15.99939,-20.912476,-5.393799,-14.680176,-74.959595,7.3963623,https://public.flourish.studio/country-flags/svg/nl.svg
New Zealand,NZL,2.9739532,0.20175934,0.043979645,1.9161873,7.82679,-0.055656433,4.859993,5.273941,-0.61631775,-2.4680176,7.729141,4.8651505,-4.5671844,-5.9903717,-2.2434082,-0.53383636,8.294632,1.1673431,5.4579544,4.035988,4.8488846,2.0371475,4.856903,-18.356323,25.742996,4.0125885,5.802643,-1.969101,4.7510223,2.525467,7.464386,8.941498,-6.9132843,7.6128387,4.7996216,6.6457214,0.006744385,-3.1950836,-2.7535553,2.5714111,0.99884033,-1.9042664,2.802475,-8.558487,0.96694946,-0.8041687,7.173279,1.2392883,5.32016,-0.59628296,-0.6269989,7.808319,-3.9578094,7.566742,-21.110046,-6.0307465,https://public.flourish.studio/country-flags/svg/nz.svg
Norway,NOR,7.0642548,2.813385,8.069466,8.780014,11.042961,-1.6151886,5.353195,2.3759613,-8.0229645,2.67984,9.803909,0.8651657,14.799156,2.7269897,-4.2710724,-5.996666,-3.7034912,0.2868805,4.816963,5.6209564,7.610901,0.61187744,-2.784607,1.8658447,-3.4943848,-6.033798,4.885269,7.7397156,5.4018707,0.018844604,10.119278,6.6540985,1.9928436,-3.5192719,-3.5193024,9.959686,-2.5750885,6.8009644,1.1516418,-5.856735,1.098587,-1.563385,-0.21391296,-2.2204285,4.623932,-1.7951965,-3.1785736,3.2095795,-2.3023224,1.6030273,-5.1678314,2.019455,1.3437805,-2.8618164,-6.408905,-0.9057617,https://public.flourish.studio/country-flags/svg/no.svg
Oman,OMN,0.024480559,0.41912222,0.11092502,0.27660275,0.007394493,14.535597,2.2057133,-2.301302,-1.2480307,-1.2231855,1.9517002,-0.54422855,2.3302069,2.5308514,-2.114851,0.96961975,5.8539543,-1.5318642,10.143509,1.0774269,-2.111456,3.975668,-1.0461578,4.630783,9.844131,16.004257,-2.3773499,-2.652893,-2.9974556,9.059109,1.883873,1.9291077,1.9344864,10.834427,32.117813,11.886368,11.160278,4.93396,-9.899078,26.645523,14.739792,-0.6654663,30.574509,-1.5164795,38.230255,21.050781,23.430054,33.686005,-1.3722534,18.072205,0.6751404,24.959442,19.593872,-2.2563782,-8.472046,45.45221,https://public.flourish.studio/country-flags/svg/om.svg
Pakistan,PAK,0.6162567,7.6765823,10.856377,-0.008911133,-0.55638885,-9.49305,-7.7358856,4.973816,7.4770203,3.034027,0.70812225,6.67128,4.4002914,9.979919,13.91391,10.2165985,13.574509,7.5736847,9.967468,8.973297,14.373032,17.182327,14.148682,16.073822,13.458893,14.661255,11.038116,30.818207,13.756409,17.878906,21.235107,3.8858337,14.3871155,28.460632,16.28601,6.555176,13.388245,33.830383,57.43579,14.202576,36.73456,40.205505,17.913757,4.0249023,0.7290039,-5.8567505,5.6366577,2.9815674,20.61621,38.97461,63.911133,52.533936,26.566284,-4.6136475,-16.936462,82.6723,https://public.flourish.studio/country-flags/svg/pk.svg
Peru,PER,11.58334,0.25872803,0.6213875,-0.33561707,2.7331352,0.581974,-8.423569,9.275383,11.199043,2.0254135,0.65203094,-0.05899048,-0.88075256,2.60952,6.184952,2.6008377,-1.4205246,-12.14621,3.7013016,-2.8400497,5.4034805,6.014099,-1.583931,-9.726448,-1.0200348,-3.7714539,2.548149,3.2019882,7.111473,10.342598,3.4244766,1.4391632,-1.0971069,1.9177856,-0.4393692,-5.551338,2.3472443,-3.1906586,12.756981,5.690941,-3.614708,15.982597,15.426048,2.2044525,26.733047,19.797546,5.6657104,3.7884064,5.7991486,9.435242,18.78363,-4.6936035,10.558868,7.8129272,-50.374954,40.584915,https://public.flourish.studio/country-flags/svg/pe.svg
Philippines,PHL,4.4929504,6.8182526,8.475636,5.0610504,10.254379,13.654259,-1.8395996,16.814873,-7.3111725,8.640175,3.2593079,11.878181,3.8840637,4.0370636,-8.249527,-6.5110626,-4.2248154,7.9186172,-18.599869,-7.2286453,1.7863693,15.625748,11.322205,11.349991,7.472534,-2.7227936,30.459167,5.4499817,9.009064,25.135849,15.536041,21.294022,2.5997467,-6.8895874,-3.4810028,1.1294861,-0.8695526,9.599243,7.203125,0.5244446,-14.877701,16.540543,5.7408447,3.17276,16.572144,1.5549622,8.284302,27.618256,20.070404,35.509277,37.88788,43.759277,14.62561,19.621246,-50.581085,31.239502,https://public.flourish.studio/country-flags/svg/ph.svg
Poland,POL,15.08667,22.92212,61.915405,60.157776,49.09326,31.685608,55.70233,20.16272,34.184814,89.47998,66.36194,53.70923,66.97424,21.38623,65.74927,-146.59766,26.342407,5.628418,55.386475,31.04663,42.306274,49.10205,-29.803589,-56.8667,-258.47253,-26.27893,-52.09912,-0.33325195,-49.360107,25.033203,54.889404,-11.618652,-49.539062,-20.936035,-65.144714,-8.409241,-10.781494,35.83484,4.7178955,20.321167,50.77478,-6.621216,11.879272,-48.20459,65.81067,-0.3852539,-45.83777,3.2276611,-48.63257,5.05896,51.13025,40.783203,17.032959,-46.33362,-55.88562,92.06592,https://public.flourish.studio/country-flags/svg/pl.svg
Portugal,PRT,0.9025841,3.1966782,1.8149261,1.4712601,14.326389,6.823658,4.763191,8.712006,3.335144,3.359146,3.7214813,-1.3344803,3.8228073,6.298874,5.455139,6.5449066,4.639168,1.4236221,0.8709259,-0.29497528,15.058777,1.8114777,8.647079,33.364944,-6.975754,7.442856,14.926483,-5.5397034,1.2731628,27.940186,-11.340118,8.206848,23.346497,22.561523,-3.0160522,-3.8856506,15.524719,-14.993881,9.934677,11.302826,-23.976242,0.22901917,-5.795532,-8.605682,-13.194916,-1.815445,-11.59848,-1.2356415,0.6408539,12.489761,0.30560303,16.848694,-12.228256,-9.251801,-34.828613,-2.0391388,https://public.flourish.studio/country-flags/svg/pt.svg
Qatar,QAT,0.009614706,0.61467934,4.4041867,3.6790762,1.4070482,-0.04444027,1.2196875,5.32008,-2.308836,7.7331696,-8.385209,5.92307,-0.8547497,30.237606,3.0037422,-2.3105965,8.273804,2.5213394,8.555878,-4.3002167,5.9609528,-2.2178726,3.6866074,4.205818,1.0921402,11.975159,53.473633,10.006454,2.2337189,-0.5353241,-41.094,10.471077,9.6197815,15.279022,-16.068054,-5.2278748,13.057251,20.907532,33.93425,25.990921,11.411499,21.076996,27.731995,3.9311218,46.86737,56.481384,52.32367,37.818756,38.53177,72.79419,-12.875122,-18.354126,-0.58166504,24.756348,-70.42908,20.595581,https://public.flourish.studio/country-flags/svg/qa.svg
Romania,ROU,18.460266,33.159607,20.991943,50.895294,24.55487,21.462708,16.288849,41.944733,0.9244385,45.39862,48.539795,33.937134,47.061035,11.91864,3.1920776,1.4448242,-3.7023926,0.29986572,-9.013855,-6.195801,20.80597,25.85431,3.4708252,4.588623,-30.564453,-120.159424,-65.23694,-18.606873,-31.18985,39.167664,-4.560272,-44.687683,-48.267303,-55.588135,8.813812,4.7596436,13.108551,10.108795,5.256531,-9.233459,14.846863,-15.468994,-12.002869,-53.99228,-8.279602,20.067902,-10.574646,-39.878326,0.6418152,-0.78518677,-1.48703,13.280701,3.0722656,-5.308319,-18.794037,18.511963,https://public.flourish.studio/country-flags/svg/ro.svg
Saudi Arabia,SAU,3.1820526,3.443283,3.7531738,4.1447144,13.192673,0.41644287,18.897186,18.831299,18.353394,-66.092926,39.533447,52.96823,39.57321,81.50754,-46.92697,81.320435,50.61618,46.12915,117.31592,14.435791,54.92517,47.0791,38.5365,-13.729248,71.79175,44.115234,9.304016,21.093933,156.7301,-29.574463,38.546997,21.696167,62.32788,22.853394,59.44934,87.45264,59.050415,87.80823,133.25659,56.558594,71.70459,79.84766,184.95215,99.66382,231.53662,124.34326,154.11938,11.899414,208.45386,92.48584,80.84912,-22.043945,-37.647217,-42.29712,-48.75586,56.435303,https://public.flourish.studio/country-flags/svg/sa.svg
Singapore,SGP,6.8557167,11.012299,15.978508,-1.4160156,6.8868637,-11.5075,19.089699,-5.4609528,-1.2681046,-2.0725632,16.005928,0.38275146,2.9990082,6.9596634,-0.762146,16.788643,-3.466156,7.417923,6.7909546,2.7911224,22.591064,8.480637,27.192917,28.10794,44.56607,4.700592,20.272522,27.62445,46.871582,15.857361,3.536255,20.323517,5.708618,-4.183075,28.688232,59.345184,-8.856384,-27.310852,55.76892,26.532715,55.108704,44.47455,41.356506,52.05542,55.286377,31.62732,3.4378662,18.141296,24.572144,55.269104,35.010925,30.364075,5.4554443,-21.326416,-26.107117,4.296631,https://public.flourish.studio/country-flags/svg/sg.svg
Slovakia,SVK,4.0218124,1.4818649,11.965614,6.529022,11.656937,11.637375,7.630478,6.4626617,5.3368683,9.649445,6.078415,9.48233,10.520966,1.1112823,-4.2849274,-2.578949,-3.6210632,-0.5715637,14.386932,-0.37278748,-7.3894806,5.1798096,1.848114,0.9546356,1.2635345,-23.785004,-8.197235,-9.527496,-8.905472,4.63945,3.917511,-2.8996582,0.6884155,-3.7286987,-3.0453491,3.2392883,-0.78826904,-0.51615906,-4.8162384,8.38031,-9.017532,-6.426178,4.1259766,-12.595718,9.080521,-7.352005,-8.838959,2.0520782,-12.860977,2.997223,1.3825226,9.908279,-0.30267334,-9.482071,-4.7649994,15.114532,https://public.flourish.studio/country-flags/svg/sk.svg
South Africa,ZAF,2.2033997,14.755432,20.559021,11.615692,18.151306,32.29123,12.868011,35.128998,14.055054,34.34851,21.95874,13.957214,-5.643738,21.347229,41.215637,104.10742,58.672913,11.982605,65.03467,14.901062,4.293701,22.247253,79.00513,-47.105896,46.63849,-12.261108,8.012573,5.7804565,34.377686,45.26758,18.373657,20.745605,-22.026001,43.565308,-0.88427734,11.220581,-35.42041,98.954834,112.727295,-68.104126,25.94873,32.147095,97.81287,-5.978882,9.035889,-21.757446,-16.695679,2.7229004,11.105713,-31.600952,52.681885,-14.232422,-48.53418,59.559692,-118.895386,12.298828,https://public.flourish.studio/country-flags/svg/za.svg
South Korea,KOR,15.138412,13.611259,15.305168,23.336273,23.748795,13.430771,6.5204773,44.73166,7.394928,24.687012,31.220428,45.486572,33.437042,54.6532,13.0686035,20.94986,0.322052,25.06372,40.520935,41.892944,43.70404,42.266785,93.83368,52.016907,103.05896,133.4043,154.62476,123.456665,121.003296,123.173706,164.4292,181.60059,-222.43652,137.14246,106.038086,52.271973,85.59802,45.141113,58.74829,45.922607,40.171387,96.40845,25.535889,25.203613,221.76782,123.322266,51.428223,37.059326,-21.745117,32.102783,100.298584,60.57788,81.12109,-82.78833,-181.4917,145.10352,https://public.flourish.studio/country-flags/svg/kr.svg
Spain,ESP,22.008667,43.344635,16.123077,36.694458,46.506744,36.926086,30.209198,73.98981,21.324951,31.668152,65.40045,-23.80664,-1.687439,47.849243,58.022522,17.065979,-11.335266,13.460449,-33.733154,-20.982483,7.102783,21.141602,-6.269348,79.7984,-12.185303,28.517334,76.38861,-54.60608,43.695557,57.818054,-5.175476,85.32733,54.211548,71.430176,48.62915,27.704346,62.690674,33.641724,75.99487,55.909912,-8.07666,37.968872,-71.76111,-145.526,-53.115967,5.720459,-23.721436,-120.38843,-27.016357,57.042725,-7.6361084,64.01941,-10.465698,-29.593994,-193.09113,89.96698,https://public.flourish.studio/country-flags/svg/es.svg
Sweden,SWE,28.7668,-1.059906,30.82727,20.299683,28.808105,-22.515778,5.6682434,9.112305,-32.288513,0.81140137,30.037567,-14.565033,67.1752,32.985413,-50.197906,-39.952057,-21.465485,-35.59607,-7.028534,24.324219,22.126617,-39.981323,-16.158356,-10.253967,2.69693,-31.927185,8.977631,-2.3267517,12.438095,-10.560959,18.246887,-18.7715,26.455734,-10.399689,-30.31247,6.8368073,5.579315,13.480652,-8.094986,-3.1921082,5.4371796,-7.036331,-12.020187,-13.972809,12.432526,-19.936295,-8.132614,-2.0584717,-6.876999,-2.195694,5.3250885,-2.1038818,-6.6246796,10.8124695,-19.096085,-0.53671265,https://public.flourish.studio/country-flags/svg/se.svg
Switzerland,CHE,3.5190506,6.444954,11.533531,9.819321,15.261719,7.2430725,3.4710388,12.62439,-18.108078,-4.825012,5.9767914,2.0277252,4.330261,-5.7313843,2.261856,-8.877762,-7.994522,13.04335,-2.1046143,3.1419067,13.201279,-8.592361,-0.14845276,-4.6467743,11.42717,4.125,2.0850372,-9.428696,4.7253113,-9.024033,6.4605865,6.461624,2.4072723,-0.8908081,-4.2435913,11.637283,-8.950943,-2.343338,0.17500305,3.637085,2.9310608,-15.498795,10.833893,0.8942108,-7.0051727,-8.2285,5.334015,8.2789,-19.509216,3.5810394,-5.5504303,3.109558,-6.417282,3.3948517,-21.414581,3.3439941,https://public.flourish.studio/country-flags/svg/ch.svg
Taiwan,TWN,4.7966156,6.9714355,8.602943,6.8159637,9.308517,26.87471,7.637741,25.064774,-11.012772,14.792847,41.658997,21.604431,33.078568,8.101166,15.745789,-32.52008,27.493103,17.81015,1.3659363,1.1749268,39.764618,19.951996,58.42456,37.277893,18.282959,34.03592,34.689728,43.85138,38.176514,45.33374,25.500793,50.590515,47.204712,41.97876,63.093628,39.456055,36.987976,50.262085,46.605408,12.78186,32.46521,48.5625,-42.02588,-33.361816,86.15161,-10.922241,-8.275879,24.66919,31.142822,13.527588,16.052856,23.123047,5.0928955,-42.74182,-35.549683,80.35083,https://public.flourish.studio/country-flags/svg/tw.svg
Thailand,THA,5.2277164,4.1858177,11.683891,4.0642624,8.608021,6.4716988,16.856018,5.0115433,2.1680984,7.569725,5.463257,12.738388,11.9351425,5.1553345,6.238571,-4.19339,1.0756531,14.946854,16.62236,9.328873,6.831024,33.006943,29.911713,35.654343,58.312347,38.066406,38.3403,60.152985,56.935028,58.80957,78.95953,36.403748,-51.88965,45.35266,18.623291,39.508545,61.995483,62.917297,80.0553,31.060242,14.013184,45.187378,14.834717,39.6886,75.95776,22.292114,81.8103,5.7696533,35.07544,30.767822,21.840576,14.043457,26.411499,-8.13623,-108.13208,8.572998,https://public.flourish.studio/country-flags/svg/th.svg
Trinidad and Tobago,TTO,2.1517296,2.3604507,1.1764526,1.2280006,4.138294,0.36785126,17.083977,-0.4882202,-2.2592735,-11.543613,5.971546,2.1639595,0.36619568,-6.5719566,-1.9037895,2.702858,8.836037,-1.4399147,-0.8209419,1.9026566,2.3204079,-3.4535484,5.75301,-1.0293999,6.8625717,-0.19193268,4.0416183,3.9774704,4.612976,6.925499,11.880363,-0.029266357,1.5158463,11.3980255,5.1396027,9.355804,10.9270935,16.894516,15.520996,12.393112,30.88504,6.719681,-3.2618408,-1.8069153,17.46045,-4.1966705,-3.5730133,4.1953583,-1.1847992,-6.8110046,-25.069763,12.052811,-11.191208,-5.022827,-24.777908,2.4217987,https://public.flourish.studio/country-flags/svg/tt.svg
Turkey,TUR,12.942192,3.3353653,15.518967,10.804749,9.912872,16.96312,17.24437,25.88321,1.8168945,16.434265,22.389938,24.122772,14.443909,-20.108612,8.132233,-0.9744568,23.257843,19.381683,11.767639,32.519104,35.013092,38.904602,17.210327,22.800842,28.935852,12.969421,18.097717,30.491577,-10.763855,60.409424,50.096558,37.250244,13.694763,0.7854004,66.173584,-58.457153,46.39618,46.684204,34.163757,41.621277,95.97577,92.19714,10.296631,6.2158203,17.42041,80.38818,64.12146,-23.700562,91.85425,59.23059,64.56665,109.24072,-47.243164,-24.09607,-33.930298,136.49207,https://public.flourish.studio/country-flags/svg/tr.svg
United Arab Emirates,ARE,0.05750805,4.4947143,1.5379572,0.024212837,2.6366653,5.032439,1.0121202,4.6429615,2.0023975,1.5636978,6.331028,19.441265,7.8693085,10.05957,40.59603,17.77195,10.037613,-5.450699,32.03151,39.086746,42.753677,28.68988,28.80542,38.28241,4.787781,75.884766,-14.141815,16.774689,41.203796,20.196838,14.816956,21.768494,12.656433,4.2561035,-2.5870361,5.7841187,50.127075,39.46216,43.910095,29.532654,36.694946,77.068054,120.03949,-12.843018,46.883057,48.433655,53.15912,58.974365,-12.152954,109.25244,53.333008,3.3530273,-18.547607,-14.926758,-86.279785,50.9021,https://public.flourish.studio/country-flags/svg/ae.svg
UK,GBR,-2.920166,-9.000732,78.38379,80.35547,57.361084,-48.112793,31.65625,128.92847,-150.5398,-134.93701,30.539307,36.34131,21.83496,113.083984,-228.23486,-69.993164,-47.402344,-7.6601562,-12.4904785,78.83862,69.64258,8.501465,7.366211,-20.163574,33.75,40.645508,-36.927734,-4.49292,-31.668945,7.6276855,110.46582,-60.61743,19.867432,-4.006836,47.237305,13.535889,-54.219482,41.893066,29.708984,18.157715,-19.414062,-51.50293,-29.38501,-180.85449,71.98755,-174.59058,11.93457,-42.923096,-147.56714,-34.506836,-25.271973,-43.397827,-29.089722,-59.08716,-247.63159,80.52783,https://public.flourish.studio/country-flags/svg/gb.svg
USA,USA,796.9209,444.13184,918.8721,775.3301,606.3262,277.90234,851.8906,735.40234,-675.3828,-692.41016,1041.1172,526.6133,204.73438,286.64062,-811.1797,-634.5176,-992.28125,-179.03516,898.6465,-101.36914,61.11133,671.37305,825.28516,363.05664,-181.58594,-135.42578,404.83398,412.98828,396.0547,276.43945,712.92773,292.5254,126.37695,297.57617,624.75977,-479.83203,197.23438,98.140625,459.00586,13.839844,-326.5957,390.61914,-781.3262,-1399.7598,777.8008,-423.9668,-557.5176,527.834,206.67383,-271.13672,-242.2832,-103.015625,896.0488,-265.03125,-2033.7051,1109.1582,https://public.flourish.studio/country-flags/svg/us.svg
Venezuela,VEN,1.7450867,9.796478,12.828888,1.1333313,-0.6005249,-0.06619263,11.166977,34.169174,5.12442,7.8057556,22.871765,32.483032,7.683716,31.967712,47.544006,15.576752,7.2455444,-8.358337,3.0013733,6.2473755,30.0484,-17.236816,12.571686,3.368103,28.64209,-18.26535,41.903687,-7.5694275,44.41678,20.577942,-25.622437,30.377075,43.437805,-7.272644,16.18457,40.268127,13.687683,-58.0932,42.85437,7.9104004,38.678223,50.340332,-27.533325,1.6437988,-8.5512085,6.93927,50.474487,10.408691,-36.5719,2.7826538,-92.26984,-11.07135,-118.914185,-96.16986,-75.53827,30.217285,https://public.flourish.studio/country-flags/svg/ve.svg
Vietnam,VNM,21.87904,19.34071,2.477394,13.146675,3.5758667,-9.8601,-1.9225693,4.34848,-21.186848,6.6239433,-28.95263,2.6313248,0.9887047,2.8203316,5.3899155,0.068424225,3.5401726,3.6270943,-0.57603073,0.8737488,5.3883934,8.48431,-1.2357788,-9.582081,0.91387177,-1.4170647,4.584793,10.000298,7.6939087,13.747971,14.403343,23.183487,15.353683,-1.4829559,23.802383,17.425964,23.09056,18.628616,66.16235,25.855804,-39.61017,23.903412,77.43335,-0.23373413,76.970764,22.772339,-3.7537842,23.853302,59.152863,114.83911,49.369263,6.638733,127.02313,153.20844,-65.35156,-21.35791,https://public.flourish.studio/country-flags/svg/vn.svg